post_id,timestamp,email,post_type,post_audience,active_subscription,country,city,region,device_type,client_os,client_type,user_agent
13264948,2020-10-18T15:41:38.430Z,kissmyass009@gmail.com,newsletter,everyone,true,US,Seattle,WA,desktop,Windows,browser,Mozilla/5.0 (Windows NT 5.1; rv:11.0) Gecko Firefox/11.0 (via ggpht.com GoogleImageProxy)
13264948,2020-10-18T16:22:57.400Z,sandsofosiris@gmail.com,newsletter,everyone,true,CA,Vancouver,BC,desktop,Windows,browser,Mozilla/5.0 (Windows NT 5.1; rv:11.0) Gecko Firefox/11.0 (via ggpht.com GoogleImageProxy)
13264948,2020-10-18T16:56:34.380Z,sandsofosiris@gmail.com,newsletter,everyone,true,US,Unknown,CA,desktop,Windows,browser,Mozilla/5.0 (Windows NT 5.1; rv:11.0) Gecko Firefox/11.0 (via ggpht.com GoogleImageProxy)
13264948,2020-10-19T21:23:45.650Z,kjs@ethereal.capital,newsletter,everyone,true,US,Seattle,WA,desktop,OS X,browser,"Mozilla/5.0 (Macintosh; Intel Mac OS X 10_15_7) AppleWebKit/537.36 (KHTML, like Gecko) Chrome/85.0.4183.121 Safari/537.36"
