post_id,timestamp,email,post_type,post_audience,active_subscription,country,city,region,device_type,client_os,client_type,user_agent
16169079,2020-10-31T01:48:11.560Z,sandsofosiris@gmail.com,newsletter,everyone,true,US,Seattle,WA,desktop,Windows,browser,Mozilla/5.0 (Windows NT 5.1; rv:11.0) Gecko Firefox/11.0 (via ggpht.com GoogleImageProxy)
16169079,2020-10-31T18:43:14.570Z,calgrnoise@outlook.com,newsletter,everyone,true,US,Seattle,WA,desktop,OS X,email client,"Mozilla/5.0 (Macintosh; Intel Mac OS X 10_15_7) AppleWebKit/605.1.15 (KHTML, like Gecko)"
16169079,2020-10-31T18:44:21.250Z,calgrnoise@outlook.com,newsletter,everyone,true,US,Seattle,WA,desktop,OS X,email client,"Mozilla/5.0 (Macintosh; Intel Mac OS X 10_15_7) AppleWebKit/605.1.15 (KHTML, like Gecko)"
16169079,2020-10-31T18:45:51.350Z,calgrnoise@outlook.com,newsletter,everyone,true,US,Seattle,WA,desktop,OS X,email client,"Mozilla/5.0 (Macintosh; Intel Mac OS X 10_15_7) AppleWebKit/605.1.15 (KHTML, like Gecko)"
16169079,2020-11-01T07:49:04.020Z,peter@metacartel.org,newsletter,everyone,true,US,Miami,FL,unknown,unknown,unknown,Superhuman
16169079,2020-11-01T07:50:27.020Z,peter@metacartel.org,newsletter,everyone,true,US,Miami,FL,unknown,unknown,unknown,Superhuman
