post_id,timestamp,email,post_type,post_audience,active_subscription
16169079,2020-10-31T01:38:11.640Z,kissmyass009@gmail.com,newsletter,everyone,true
16169079,2020-10-31T01:38:11.900Z,sandsofosiris@gmail.com,newsletter,everyone,true
16169079,2020-10-31T01:38:11.920Z,calgrnoise@outlook.com,newsletter,everyone,true
16169079,2020-10-31T01:38:12.010Z,peter@metacartel.org,newsletter,everyone,true
16169079,2020-10-31T01:38:12.660Z,degenerous@protonmail.com,newsletter,everyone,false
16169079,2020-10-31T01:38:15.120Z,kjs@ethereal.capital,newsletter,everyone,true
