post_id,timestamp,email,post_type,post_audience,active_subscription
16187609,2020-10-31T02:03:54.320Z,kissmyass009@gmail.com,newsletter,everyone,true
16187609,2020-10-31T02:03:54.690Z,sandsofosiris@gmail.com,newsletter,everyone,true
16187609,2020-10-31T02:03:54.820Z,peter@metacartel.org,newsletter,everyone,true
16187609,2020-10-31T02:03:55.880Z,degenerous@protonmail.com,newsletter,everyone,false
16187609,2020-10-31T02:03:56.050Z,calgrnoise@outlook.com,newsletter,everyone,true
16187609,2020-10-31T02:03:57.800Z,kjs@ethereal.capital,newsletter,everyone,true
