post_id,timestamp,email,post_type,post_audience,active_subscription
16811937,2020-11-02T03:26:37.940Z,kissmyass009@gmail.com,newsletter,everyone,true
16811937,2020-11-02T03:26:38.300Z,ouvrelechien@noshapenodepth.com,newsletter,everyone,true
16811937,2020-11-02T03:26:38.360Z,sandsofosiris@gmail.com,newsletter,everyone,true
16811937,2020-11-02T03:26:38.400Z,calgrnoise@outlook.com,newsletter,everyone,true
16811937,2020-11-02T03:26:38.880Z,peter@metacartel.org,newsletter,everyone,true
16811937,2020-11-02T03:26:40.160Z,degenerous@protonmail.com,newsletter,everyone,false
16811937,2020-11-02T03:26:41.200Z,kjs@ethereal.capital,newsletter,everyone,true
