post_id,timestamp,email,post_type,post_audience,active_subscription
16837972,2020-11-02T01:45:10.650Z,sandsofosiris@gmail.com,newsletter,everyone,true
16837972,2020-11-02T01:45:10.930Z,peter@metacartel.org,newsletter,everyone,true
16837972,2020-11-02T01:45:10.940Z,ouvrelechien@noshapenodepth.com,newsletter,everyone,true
16837972,2020-11-02T01:45:11.110Z,kissmyass009@gmail.com,newsletter,everyone,true
16837972,2020-11-02T01:45:12.540Z,calgrnoise@outlook.com,newsletter,everyone,true
16837972,2020-11-02T01:45:12.590Z,degenerous@protonmail.com,newsletter,everyone,false
16837972,2020-11-02T01:45:24.800Z,kjs@ethereal.capital,newsletter,everyone,true
