post_id,timestamp,email,post_type,post_audience,active_subscription
16868606,2020-11-02T06:15:46.880Z,ouvrelechien@noshapenodepth.com,newsletter,everyone,true
16868606,2020-11-02T06:15:46.940Z,peter@metacartel.org,newsletter,everyone,true
16868606,2020-11-02T06:15:46.970Z,sandsofosiris@gmail.com,newsletter,everyone,true
16868606,2020-11-02T06:15:47.090Z,kissmyass009@gmail.com,newsletter,everyone,true
16868606,2020-11-02T06:15:50.010Z,degenerous@protonmail.com,newsletter,everyone,false
16868606,2020-11-02T06:15:50.210Z,kjs@ethereal.capital,newsletter,everyone,true
