post_id,timestamp,email,post_type,post_audience,active_subscription,country,city,region,device_type,client_os,client_type,user_agent
17469657,2020-11-04T13:46:00.490Z,sandsofosiris@gmail.com,newsletter,everyone,true,CA,Vancouver,BC,desktop,Windows,browser,Mozilla/5.0 (Windows NT 5.1; rv:11.0) Gecko Firefox/11.0 (via ggpht.com GoogleImageProxy)
17469657,2020-11-04T18:01:13.860Z,sandsofosiris@gmail.com,newsletter,everyone,true,US,Lancaster,PA,desktop,Windows,browser,Mozilla/5.0 (Windows NT 5.1; rv:11.0) Gecko Firefox/11.0 (via ggpht.com GoogleImageProxy)
17469657,2020-11-04T18:15:22.370Z,sandsofosiris@gmail.com,newsletter,everyone,true,US,Seattle,WA,desktop,Windows,browser,Mozilla/5.0 (Windows NT 5.1; rv:11.0) Gecko Firefox/11.0 (via ggpht.com GoogleImageProxy)
17469657,2020-11-04T21:58:16.530Z,degenerous@protonmail.com,newsletter,everyone,false,US,Seattle,WA,desktop,Windows,browser,"Mozilla/5.0 (Windows NT 10.0; Win64; x64) AppleWebKit/537.36 (KHTML, like Gecko) Chrome/86.0.4240.183 Safari/537.36"
17469657,2020-11-05T09:29:21.590Z,peter@metacartel.org,newsletter,everyone,true,US,Miami,FL,unknown,unknown,unknown,Superhuman
17469657,2020-11-08T21:59:04.080Z,sandsofosiris@gmail.com,newsletter,everyone,true,US,Unknown,CA,desktop,Windows,browser,Mozilla/5.0 (Windows NT 5.1; rv:11.0) Gecko Firefox/11.0 (via ggpht.com GoogleImageProxy)
