post_id,timestamp,email,post_type,post_audience,active_subscription
20150860,2020-11-25T23:25:06.130Z,degenerous@protonmail.com,newsletter,everyone,false
20150860,2020-11-25T23:25:24.460Z,sandsofosiris@gmail.com,newsletter,everyone,true
20150860,2020-11-25T23:25:24.680Z,blair@whatitis.media,newsletter,everyone,true
20150860,2020-11-25T23:25:24.940Z,ouvrelechien@noshapenodepth.com,newsletter,everyone,true
20150860,2020-11-25T23:25:25.090Z,hello@berkozdemir.com,newsletter,everyone,true
20150860,2020-11-25T23:25:25.100Z,peter@metacartel.org,newsletter,everyone,true
20150860,2020-11-25T23:25:26.440Z,kjs@ethereal.capital,newsletter,everyone,true
