post_id,timestamp,email,post_type,post_audience,active_subscription,country,city,region,device_type,client_os,client_type,user_agent
20191029,2020-11-26T03:46:53.030Z,sandsofosiris@gmail.com,newsletter,everyone,true,US,Irving,TX,desktop,Windows,browser,Mozilla/5.0 (Windows NT 5.1; rv:11.0) Gecko Firefox/11.0 (via ggpht.com GoogleImageProxy)
20191029,2020-11-26T04:08:18.360Z,degenerous@protonmail.com,newsletter,everyone,false,US,Unknown,CO,desktop,Windows,browser,"Mozilla/5.0 (Windows NT 10.0; Win64; x64) AppleWebKit/537.36 (KHTML, like Gecko) Chrome/87.0.4280.67 Safari/537.36"
20191029,2020-11-26T23:12:16.780Z,blair@whatitis.media,newsletter,everyone,true,US,Irving,TX,desktop,Windows,browser,Mozilla/5.0 (Windows NT 5.1; rv:11.0) Gecko Firefox/11.0 (via ggpht.com GoogleImageProxy)
20191029,2020-11-27T06:50:28.840Z,peter@metacartel.org,newsletter,everyone,true,US,Unknown,FL,unknown,unknown,unknown,Superhuman
20191029,2020-11-27T06:50:35.250Z,peter@metacartel.org,newsletter,everyone,true,US,Unknown,FL,unknown,unknown,unknown,Superhuman
