post_id,timestamp,email,post_type,post_audience,active_subscription,country,city,region,device_type,client_os,client_type,user_agent
31647550,2021-01-19T00:31:45.230Z,kjs@ethereal.capital,newsletter,everyone,true,US,Seattle,WA,desktop,OS X,browser,"Mozilla/5.0 (Macintosh; Intel Mac OS X 10_15_7) AppleWebKit/537.36 (KHTML, like Gecko) Chrome/87.0.4280.141 Safari/537.36"
31647550,2021-01-19T07:11:33.040Z,danielreprieto@me.com,newsletter,everyone,true,US,Unknown,AZ,mobile,iOS,mobile browser,"Mozilla/5.0 (iPhone; CPU iPhone OS 14_3 like Mac OS X) AppleWebKit/605.1.15 (KHTML, like Gecko) Mobile/15E148"
31647550,2021-01-19T07:34:08.200Z,peter@metacartel.org,newsletter,everyone,true,US,Seattle,WA,unknown,unknown,unknown,Superhuman
31647550,2021-01-19T15:46:49.230Z,rootdraws@gmail.com,newsletter,everyone,true,CA,Vancouver,BC,desktop,Windows,browser,Mozilla/5.0 (Windows NT 5.1; rv:11.0) Gecko Firefox/11.0 (via ggpht.com GoogleImageProxy)
31647550,2021-01-19T16:46:52.720Z,sandsofosiris@gmail.com,newsletter,everyone,true,US,Lancaster,PA,desktop,Windows,browser,Mozilla/5.0 (Windows NT 5.1; rv:11.0) Gecko Firefox/11.0 (via ggpht.com GoogleImageProxy)
31647550,2021-01-26T22:35:31.820Z,kjs@ethereal.capital,newsletter,everyone,true,US,Seattle,WA,desktop,OS X,browser,"Mozilla/5.0 (Macintosh; Intel Mac OS X 10_15_7) AppleWebKit/537.36 (KHTML, like Gecko) Chrome/87.0.4280.141 Safari/537.36"
31647550,2021-01-29T21:08:58.190Z,sandsofosiris@gmail.com,newsletter,everyone,true,US,Seattle,WA,desktop,Windows,browser,Mozilla/5.0 (Windows NT 5.1; rv:11.0) Gecko Firefox/11.0 (via ggpht.com GoogleImageProxy)
