post_id,timestamp,email,post_type,post_audience,active_subscription,country,city,region,device_type,client_os,client_type,user_agent
31981864,2021-01-29T00:05:55.589Z,rootdraws@gmail.com,,,true,US,,,,,,Mozilla/5.0 (Windows NT 5.1; rv:11.0) Gecko Firefox/11.0 (via ggpht.com GoogleImageProxy)
31981864,2021-01-29T00:06:48.717Z,sandsofosiris@gmail.com,,,true,US,,,,,,Mozilla/5.0 (Windows NT 5.1; rv:11.0) Gecko Firefox/11.0 (via ggpht.com GoogleImageProxy)
31981864,2021-01-29T00:06:51.589Z,sandsofosiris@gmail.com,,,true,US,,,,,,Mozilla/5.0 (Windows NT 5.1; rv:11.0) Gecko Firefox/11.0 (via ggpht.com GoogleImageProxy)
31981864,2021-01-29T00:50:18.256Z,kjs@ethereal.capital,,,true,AU,,,,,,"Mozilla/5.0 (Macintosh; Intel Mac OS X 10_15_7) AppleWebKit/537.36 (KHTML, like Gecko) Chrome/87.0.4280.141 Safari/537.36"
31981864,2021-01-29T01:18:52.762Z,danielreprieto@me.com,,,true,US,,,,,,"Mozilla/5.0 (Macintosh; Intel Mac OS X 10_15_7) AppleWebKit/605.1.15 (KHTML, like Gecko)"
31981864,2021-01-29T04:36:33.033Z,blair@whatitis.media,,,true,US,,,,,,Mozilla/5.0 (Windows NT 5.1; rv:11.0) Gecko Firefox/11.0 (via ggpht.com GoogleImageProxy)
31981864,2021-01-29T21:08:58.132Z,sandsofosiris@gmail.com,,,true,US,,,,,,Mozilla/5.0 (Windows NT 5.1; rv:11.0) Gecko Firefox/11.0 (via ggpht.com GoogleImageProxy)
