post_id,timestamp,email,post_type,post_audience,active_subscription,country,city,region,device_type,client_os,client_type,user_agent
39399649,2021-07-30T11:18:10.321Z,ahmetgurbus@gmail.com,newsletter,everyone,true,US,Seattle,WA,mobile,Android,mobile browser,"Mozilla/5.0 (Linux; Android 11) AppleWebKit/537.36 (KHTML, like Gecko) Chrome/91.0.4472.164 Mobile Safari/537.36"
39399649,2021-07-30T15:25:26.753Z,danielreprieto@me.com,newsletter,everyone,true,US,Seattle,WA,desktop,OS X,browser,"Mozilla/5.0 (Macintosh; Intel Mac OS X 10_15_7) AppleWebKit/605.1.15 (KHTML, like Gecko) Version/14.1.1 Safari/605.1.15"
39399649,2021-07-30T15:25:32.951Z,danielreprieto@me.com,newsletter,everyone,true,US,Seattle,WA,desktop,OS X,browser,"Mozilla/5.0 (Macintosh; Intel Mac OS X 10_15_7) AppleWebKit/605.1.15 (KHTML, like Gecko) Version/14.1.1 Safari/605.1.15"
39399649,2021-07-30T15:26:36.050Z,danielreprieto@me.com,newsletter,everyone,true,US,Seattle,WA,desktop,OS X,browser,"Mozilla/5.0 (Macintosh; Intel Mac OS X 10_15_7) AppleWebKit/605.1.15 (KHTML, like Gecko) Version/14.1.1 Safari/605.1.15"
39399649,2021-08-01T20:50:08.206Z,rich.s.edmondson@gmail.com,newsletter,everyone,true,US,Unknown,TX,desktop,Windows,browser,"Mozilla/5.0 (Windows NT 10.0; Win64; x64) AppleWebKit/537.36 (KHTML, like Gecko) Chrome/92.0.4515.115 Safari/537.36"
