post_id,timestamp,email,post_type,post_audience,active_subscription,country,city,region,device_type,client_os,client_type,user_agent
39581195,2021-08-04T06:09:03.298Z,yurchik@gmail.com,newsletter,everyone,true,US,Seattle,WA,mobile,iOS,mobile browser,"Mozilla/5.0 (iPhone; CPU iPhone OS 14_7_1 like Mac OS X) AppleWebKit/605.1.15 (KHTML, like Gecko) Version/14.1.2 Mobile/15E148 Safari/604.1"
39581195,2021-08-04T06:30:14.296Z,mryuk@tutanota.com,newsletter,everyone,true,US,Irving,TX,mobile,iOS,mobile browser,"Mozilla/5.0 (iPhone; CPU iPhone OS 14_4_2 like Mac OS X) AppleWebKit/605.1.15 (KHTML, like Gecko) Version/14.0.3 Mobile/15E148 Safari/604.1"
39581195,2021-08-04T07:59:06.390Z,bradsundberg333@gmail.com,newsletter,everyone,true,US,Portland,OR,desktop,Windows,browser,"Mozilla/5.0 (Windows NT 10.0; Win64; x64) AppleWebKit/537.36 (KHTML, like Gecko) Chrome/92.0.4515.131 Safari/537.36"
39581195,2021-08-04T14:29:07.143Z,hello@berkozdemir.com,newsletter,everyone,true,US,Seattle,WA,mobile,Android,mobile browser,"Mozilla/5.0 (Linux; Android 10) AppleWebKit/537.36 (KHTML, like Gecko) Chrome/92.0.4515.115 Mobile Safari/537.36"
