post_id,timestamp,email,post_type,post_audience,active_subscription,country,city,region,device_type,client_os,client_type,user_agent
40887882,2021-09-04T00:06:14.755Z,jan.b.linhart@gmail.com,newsletter,everyone,true,US,Seattle,WA,desktop,OS X,browser,"Mozilla/5.0 (Macintosh; Intel Mac OS X 10_15_7) AppleWebKit/605.1.15 (KHTML, like Gecko) Version/14.1.2 Safari/605.1.15"
40887882,2021-09-04T00:06:32.998Z,jan.b.linhart@gmail.com,newsletter,everyone,true,US,Seattle,WA,desktop,OS X,browser,"Mozilla/5.0 (Macintosh; Intel Mac OS X 10_15_7) AppleWebKit/605.1.15 (KHTML, like Gecko) Version/14.1.2 Safari/605.1.15"
40887882,2021-09-04T00:07:12.944Z,jan.b.linhart@gmail.com,newsletter,everyone,true,US,Seattle,WA,desktop,OS X,browser,"Mozilla/5.0 (Macintosh; Intel Mac OS X 10_15_7) AppleWebKit/605.1.15 (KHTML, like Gecko) Version/14.1.2 Safari/605.1.15"
40887882,2021-09-04T08:06:57.318Z,stuartziegler@gmail.com,newsletter,everyone,true,US,Somerville,MA,mobile,Android,mobile browser,"Mozilla/5.0 (Linux; Android 9; A80Pro) AppleWebKit/537.36 (KHTML, like Gecko) Chrome/93.0.4577.62 Mobile Safari/537.36"
40887882,2021-09-04T12:54:46.039Z,494d643a-bc4d-45c2-8181-fe7dedc2cd56@deletion-request.substack.com,newsletter,everyone,true,US,Seattle,WA,desktop,OS X,browser,"Mozilla/5.0 (Macintosh; Intel Mac OS X 10_15_7) AppleWebKit/537.36 (KHTML, like Gecko) Chrome/92.0.4515.159 Safari/537.36"
