post_id,timestamp,email,post_type,post_audience,active_subscription,country,city,region,device_type,client_os,client_type,user_agent
41335675,2021-09-15T06:19:06.911Z,stuartziegler@gmail.com,newsletter,everyone,true,US,Brooklyn,NY,desktop,OS X,browser,"Mozilla/5.0 (Macintosh; Intel Mac OS X 10_15_7) AppleWebKit/537.36 (KHTML, like Gecko) Chrome/93.0.4577.63 Safari/537.36"
41335675,2021-09-17T09:57:48.689Z,michael@elsdoerfer.com,newsletter,everyone,true,US,Seattle,WA,desktop,OS X,browser,"Mozilla/5.0 (Macintosh; Intel Mac OS X 10_15_7) AppleWebKit/537.36 (KHTML, like Gecko) Chrome/92.0.4515.159 Safari/537.36"
41335675,2021-09-17T09:58:07.042Z,michael@elsdoerfer.com,newsletter,everyone,true,US,Seattle,WA,desktop,OS X,browser,"Mozilla/5.0 (Macintosh; Intel Mac OS X 10_15_7) AppleWebKit/537.36 (KHTML, like Gecko) Chrome/92.0.4515.159 Safari/537.36"
41335675,2021-09-17T09:58:53.288Z,michael@elsdoerfer.com,newsletter,everyone,true,US,Seattle,WA,desktop,OS X,browser,"Mozilla/5.0 (Macintosh; Intel Mac OS X 10_15_7) AppleWebKit/537.36 (KHTML, like Gecko) Chrome/92.0.4515.159 Safari/537.36"
41335675,2021-09-17T09:59:42.366Z,michael@elsdoerfer.com,newsletter,everyone,true,US,Seattle,WA,desktop,OS X,browser,"Mozilla/5.0 (Macintosh; Intel Mac OS X 10_15_7) AppleWebKit/537.36 (KHTML, like Gecko) Chrome/92.0.4515.159 Safari/537.36"
41335675,2021-09-17T09:59:55.446Z,michael@elsdoerfer.com,newsletter,everyone,true,US,Seattle,WA,desktop,OS X,browser,"Mozilla/5.0 (Macintosh; Intel Mac OS X 10_15_7) AppleWebKit/537.36 (KHTML, like Gecko) Chrome/92.0.4515.159 Safari/537.36"
