post_id,timestamp,email,post_type,post_audience,active_subscription,country,city,region,device_type,client_os,client_type,user_agent
41539397,2021-09-19T23:20:40.947Z,aylinyrd@gmail.com,newsletter,everyone,true,US,Seattle,WA,desktop,OS X,browser,"Mozilla/5.0 (Macintosh; Intel Mac OS X 10_15_7) AppleWebKit/537.36 (KHTML, like Gecko) Chrome/93.0.4577.63 Safari/537.36"
41539397,2021-09-20T16:00:24.198Z,mryuk@tutanota.com,newsletter,everyone,true,US,Seattle,WA,mobile,iOS,mobile browser,"Mozilla/5.0 (iPhone; CPU iPhone OS 14_6 like Mac OS X) AppleWebKit/605.1.15 (KHTML, like Gecko) Version/14.1.1 Mobile/15E148 Safari/604.1"
41539397,2021-09-21T07:32:21.680Z,stuartziegler@gmail.com,newsletter,everyone,true,US,Somerville,MA,mobile,Android,mobile browser,"Mozilla/5.0 (Linux; Android 9; A80Pro) AppleWebKit/537.36 (KHTML, like Gecko) Chrome/93.0.4577.82 Mobile Safari/537.36"
41539397,2021-09-23T16:56:29.425Z,rootdraws@gmail.com,newsletter,everyone,true,US,Seattle,WA,mobile,iOS,mobile browser,"Mozilla/5.0 (iPhone; CPU iPhone OS 14_4_1 like Mac OS X) AppleWebKit/605.1.15 (KHTML, like Gecko) Version/14.0.3 Mobile/15E148 Safari/604.1"
