post_id,timestamp,email,post_type,post_audience,active_subscription,country,city,region,device_type,client_os,client_type,user_agent
888934,2020-08-24T00:43:20.660Z,ggokhanturhann@gmail.com,newsletter,everyone,false,US,Seattle,WA,desktop,Windows,browser,Mozilla/5.0 (Windows NT 5.1; rv:11.0) Gecko Firefox/11.0 (via ggpht.com GoogleImageProxy)
888934,2020-08-24T00:55:34.210Z,sandsofosiris@gmail.com,newsletter,everyone,true,US,Portland,OR,desktop,Windows,browser,Mozilla/5.0 (Windows NT 5.1; rv:11.0) Gecko Firefox/11.0 (via ggpht.com GoogleImageProxy)
888934,2020-08-24T19:24:22.020Z,peter@metacartel.org,newsletter,everyone,true,US,Seattle,WA,unknown,unknown,unknown,Superhuman
888934,2020-08-25T22:27:03.590Z,peter@metacartel.org,newsletter,everyone,true,US,Seattle,WA,unknown,unknown,unknown,Superhuman
